﻿{
  "images": [
    {
      "idiom": "universal"
    },
    {
      "scale": "1x",
      "idiom": "universal",
	  "filename": "Spaceship.png"
    },
    {
      "scale": "2x",
      "idiom": "universal"
    },
    {
      "scale": "3x",
      "idiom": "universal"
    },
    {
      "idiom": "iphone"
    },
    {
      "scale": "1x",
      "idiom": "iphone"
    },
    {
      "scale": "2x",
      "idiom": "iphone"
    },
    {
      "subtype": "retina4",
      "scale": "2x",
      "idiom": "iphone"
    },
    {
      "scale": "3x",
      "idiom": "iphone"
    },
    {
      "idiom": "ipad"
    },
    {
      "scale": "1x",
      "idiom": "ipad"
    },
    {
      "scale": "2x",
      "idiom": "ipad"
    }
  ],
  "info": {
    "version": 1,
    "author": "xcode"
  }
}