<?xml version="1.0" encoding="UTF-8"?>
<!DOCTYPE plist PUBLIC "-//Apple//DTD PLIST 1.0//EN" "http://www.apple.com/DTDs/PropertyList-1.0.dtd">
<plist version="1.0">
<dict>
	<key>CFBundleDevelopmentRegion</key>
	<string>en</string>
	<key>CFBundleDisplayName</key>
	<string>$safeprojectname$</string>
	<key>CFBundleExecutable</key>
	<string>$safeprojectname$</string>
	<key>CFBundleIdentifier</key>
	<string>com.companyname.$safeprojectname$</string>
	<key>CFBundleInfoDictionaryVersion</key>
	<string>6.0</string>
	<key>CFBundleName</key>
	<string>com.your-company.$safeprojectname$</string>
	<key>CFBundlePackageType</key>
	<string>XPC!</string>
	<key>CFBundleShortVersionString</key>
	<string>1.0</string>
	<key>CFBundleSignature</key>
	<string>????</string>
	<key>CFBundleVersion</key>
	<string>1</string>
	<key>NSExtension</key>
	<dict>
		<key>NSExtensionMainStoryboard</key>
		<string>MainInterface</string>
		<key>NSExtensionPointIdentifier</key>
		<string>com.apple.widget-extension</string>
	</dict>
</dict>
</plist>
